crypto_operation,iteration_no,time_ns
Key Generation,2,21683
Key Generation,3,21497
Key Generation,4,24044
Key Generation,5,20022
Key Generation,6,35378
Key Generation,7,32717
Key Generation,8,33432
Key Generation,9,32752
Key Generation,10,42669
Key Generation,11,32892
Key Generation,12,32617
Key Generation,13,32588
Key Generation,14,21360
Key Generation,15,33238
Key Generation,16,19836
Key Generation,17,22111
Key Generation,18,21888
Key Generation,19,33178
Key Generation,20,21893
Key Generation,21,21611
Key Generation,22,21663
Key Generation,23,32931
Key Generation,24,21953
Key Generation,25,32588
Key Generation,26,22559
Key Generation,27,32459
Key Generation,28,34069
Key Generation,29,21731
Key Generation,30,32538
Key Generation,31,21725
Key Generation,32,34332
Key Generation,33,32795
Key Generation,34,19834
Key Generation,35,32689
Key Generation,36,32728
Key Generation,37,20140
Key Generation,38,32454
Key Generation,39,22100
Key Generation,40,32693
Key Generation,41,33916
Key Generation,42,32320
Key Generation,43,32956
Key Generation,44,32989
Key Generation,45,21733
Key Generation,46,32922
Key Generation,47,21698
Key Generation,48,23086
Key Generation,49,22512
Key Generation,50,32551
Key Generation,51,34805
Key Generation,52,41502
Key Generation,53,33132
Key Generation,54,32684
Key Generation,55,21749
Key Generation,56,32457
Key Generation,57,22477
Key Generation,58,32201
Key Generation,59,32692
Key Generation,60,32984
Key Generation,61,32404
Key Generation,62,22225
Key Generation,63,21282
Key Generation,65,20422
Key Generation,66,32570
Key Generation,67,32629
Key Generation,68,32325
Key Generation,69,32510
Key Generation,70,20996
Key Generation,71,32537
Key Generation,72,32794
Key Generation,73,33945
Key Generation,74,24228
Key Generation,75,32811
Key Generation,76,19654
Key Generation,77,32653
Key Generation,78,19820
Key Generation,79,32585
Key Generation,80,34105
Key Generation,81,33564
Key Generation,82,22512
Key Generation,83,32801
Key Generation,84,21660
Key Generation,85,32375
Key Generation,86,32517
Key Generation,87,20089
Key Generation,88,20231
Key Generation,89,19871
Key Generation,90,20936
Key Generation,91,20138
Key Generation,92,20164
Key Generation,93,22009
Key Generation,94,20123
Key Generation,95,19898
Key Generation,96,21458
Key Generation,97,20142
Key Generation,98,20035
Key Generation,99,20907
Key Generation,100,19645
Key Generation,101,21493
Key Generation,102,20381
Key Generation,103,33011
Key Generation,104,20220
Key Generation,105,20194
Key Generation,106,20357
Key Generation,107,20557
Key Generation,108,20188
Key Generation,109,20208
Key Generation,110,20147
Key Generation,111,20287
Key Generation,112,19929
Key Generation,113,35585
Key Generation,114,19804
Key Generation,115,35212
Key Generation,116,20315
Key Generation,117,19945
Key Generation,118,19732
Key Generation,119,20128
Key Generation,120,19950
Key Generation,121,19880
Key Generation,122,19629
Key Generation,123,19902
Key Generation,124,21724
Key Generation,125,20389
Key Generation,126,20321
Key Generation,127,19782
Key Generation,128,19812
Key Generation,129,19639
Key Generation,130,19766
Key Generation,131,19490
Key Generation,132,19436
Key Generation,133,20815
Key Generation,134,19898
Key Generation,135,20233
Key Generation,136,20273
Key Generation,137,19969
Key Generation,138,21341
Key Generation,139,19799
Key Generation,140,20128
Key Generation,141,20821
Key Generation,142,19597
Key Generation,143,19542
Key Generation,144,19640
Key Generation,145,20073
Key Generation,146,20599
Key Generation,147,19973
Key Generation,148,19975
Key Generation,149,20086
Key Generation,150,20959
Key Generation,151,20329
Key Generation,152,20587
Key Generation,153,20113
Key Generation,154,20411
Key Generation,155,19807
Key Generation,156,36770
Key Generation,157,32266
Key Generation,158,21506
Key Generation,159,21321
Key Generation,160,28323
Key Generation,161,32449
Key Generation,162,20203
Key Generation,163,32032
Key Generation,164,19631
Key Generation,165,32405
Key Generation,166,32266
Key Generation,167,32199
Key Generation,168,20719
Key Generation,169,29178
Key Generation,170,25620
Key Generation,171,20335
Key Generation,172,19973
Key Generation,173,22195
Key Generation,174,21216
Key Generation,175,21384
Key Generation,176,19845
Key Generation,177,20080
Key Generation,179,21824
Key Generation,180,33840
Key Generation,181,32223
Key Generation,182,32682
Key Generation,183,19782
Key Generation,184,32657
Key Generation,185,19938
Key Generation,186,34010
Key Generation,188,37090
Key Generation,189,32558
Key Generation,190,20007
Key Generation,191,32308
Key Generation,192,21756
Key Generation,193,32917
Key Generation,194,21418
Key Generation,195,32373
Key Generation,196,21745
Key Generation,197,33724
Key Generation,198,37380
Key Generation,199,21576
Key Generation,200,32835
Key Generation,201,19702
Key Generation,202,32471
Key Generation,203,21877
Key Generation,204,33105
Key Generation,205,35328
Key Generation,206,21628
Key Generation,207,21480
Key Generation,208,34482
Key Generation,209,32550
Key Generation,210,32411
Key Generation,211,21172
Key Generation,212,20296
Key Generation,213,21266
Key Generation,214,20225
Key Generation,215,47792
Key Generation,216,19993
Key Generation,217,33402
Key Generation,218,19608
Key Generation,219,33120
Key Generation,220,19861
Key Generation,221,21236
Key Generation,222,21280
Key Generation,223,32562
Key Generation,224,19976
Key Generation,225,32582
Key Generation,226,20052
Key Generation,227,32508
Key Generation,228,19464
Key Generation,229,19415
Key Generation,230,23200
Key Generation,231,25888
Key Generation,232,19479
Key Generation,233,19466
Key Generation,234,19417
Key Generation,235,22420
Key Generation,236,33768
Key Generation,237,32889
Key Generation,238,32517
Key Generation,239,32217
Key Generation,240,32613
Key Generation,241,32836
Key Generation,242,32580
Key Generation,243,20401
Key Generation,244,32288
Key Generation,245,32795
Key Generation,246,21935
Key Generation,247,21354
Key Generation,248,21747
Key Generation,249,21780
Key Generation,250,21380
Key Generation,251,19995
Key Generation,252,19889
Key Generation,253,40865
Key Generation,254,21152
Key Generation,255,20028
Key Generation,256,20077
Key Generation,257,22024
Key Generation,258,32727
Key Generation,259,21597
Key Generation,260,32495
Key Generation,261,32504
Key Generation,262,42061
Key Generation,263,32752
Key Generation,264,38402
Key Generation,266,34538
Key Generation,267,32697
Key Generation,268,20448
Key Generation,269,32292
Key Generation,270,21912
Key Generation,271,42042
Key Generation,272,20363
Key Generation,273,19937
Key Generation,274,21223
Key Generation,275,20234
Key Generation,276,20289
Key Generation,277,19890
Key Generation,278,20091
Key Generation,279,19835
Key Generation,280,20341
Key Generation,281,19831
Key Generation,282,20700
Key Generation,283,19980
Key Generation,284,21389
Key Generation,285,20544
Key Generation,286,20797
Key Generation,287,20128
Key Generation,288,20761
Key Generation,289,20406
Key Generation,290,20019
Key Generation,291,20031
Key Generation,292,20083
Key Generation,293,19677
Key Generation,294,19942
Key Generation,295,20756
Key Generation,296,20158
Key Generation,297,20451
Key Generation,298,20272
Key Generation,299,20706
Key Generation,300,19976
Key Generation,301,19932
Key Generation,302,20003
Key Generation,303,20079
Key Generation,304,20010
Key Generation,305,20019
Key Generation,306,20337
Key Generation,317,47433
Key Generation,318,20987
Key Generation,319,21271
Key Generation,320,19851
Key Generation,321,32810
Key Generation,322,32519
Key Generation,323,19613
Key Generation,324,32736
Key Generation,325,32749
Key Generation,326,19567
Key Generation,327,32274
Key Generation,328,20698
Key Generation,329,32372
Key Generation,330,24255
Key Generation,331,34008
Key Generation,332,33604
Key Generation,333,32525
Key Generation,334,32539
Key Generation,335,32520
Key Generation,336,22594
Key Generation,337,34382
Key Generation,338,32478
Key Generation,339,32661
Key Generation,340,44835
Key Generation,341,21664
Key Generation,342,31694
Key Generation,343,22279
Key Generation,344,33305
Key Generation,345,32815
Key Generation,346,32571
Key Generation,347,32647
Key Generation,348,32846
Key Generation,349,32570
Key Generation,350,33427
Key Generation,351,32569
Key Generation,352,20802
Key Generation,353,33398
Key Generation,354,19638
Key Generation,355,32431
Key Generation,356,34236
Key Generation,357,32895
Key Generation,358,32314
Key Generation,359,34494
Key Generation,360,31765
Key Generation,361,32713
Key Generation,363,35031
Key Generation,364,33965
Key Generation,365,21815
Key Generation,366,32546
Key Generation,367,33604
Key Generation,368,32792
Key Generation,369,32973
Key Generation,370,33096
Key Generation,371,21583
Key Generation,372,32494
Key Generation,373,33907
Key Generation,374,32491
Key Generation,375,33891
Key Generation,376,33296
Key Generation,377,32561
Key Generation,378,21742
Key Generation,379,21291
Key Generation,380,20207
Key Generation,381,20607
Key Generation,382,23061
Key Generation,383,21515
Key Generation,384,21489
Key Generation,385,27690
Key Generation,386,21667
Key Generation,387,21250
Key Generation,388,19868
Key Generation,389,20567
Key Generation,390,20043
Key Generation,391,20137
Key Generation,392,19394
Key Generation,393,19511
Key Generation,394,32648
Key Generation,395,19850
Key Generation,396,24325
Key Generation,397,19673
Key Generation,398,34693
Key Generation,399,33168
Key Generation,400,21583
Key Generation,401,32055
Key Generation,402,33506
Key Generation,403,32667
Key Generation,404,21839
Key Generation,405,32750
Key Generation,406,19668
Key Generation,407,32468
Key Generation,408,19905
Key Generation,409,20069
Key Generation,410,20806
Key Generation,411,19919
Key Generation,412,20406
Key Generation,413,20032
Key Generation,414,20160
Key Generation,415,20866
Key Generation,416,21285
Key Generation,417,20245
Key Generation,418,20300
Key Generation,419,19940
Key Generation,420,20094
Key Generation,421,20013
Key Generation,422,19862
Key Generation,423,20042
Key Generation,424,19964
Key Generation,425,19971
Key Generation,426,20583
Key Generation,427,20156
Key Generation,430,32078
Key Generation,431,21588
Key Generation,432,21337
Key Generation,433,19942
Key Generation,434,20665
Key Generation,435,20922
Key Generation,436,21342
Key Generation,437,20286
Key Generation,438,20098
Key Generation,439,20789
Key Generation,440,20252
Key Generation,441,20025
Key Generation,442,19994
Key Generation,443,21863
Key Generation,444,19614
Key Generation,445,20058
Key Generation,446,20341
Key Generation,447,20348
Key Generation,448,33307
Key Generation,449,47235
Key Generation,450,33054
Key Generation,451,21733
Key Generation,452,32889
Key Generation,453,19688
Key Generation,454,32584
Key Generation,455,19622
Key Generation,456,32499
Key Generation,457,22284
Key Generation,458,21817
Key Generation,459,22638
Key Generation,460,36917
Key Generation,461,19914
Key Generation,462,21924
Key Generation,463,32559
Key Generation,464,32735
Key Generation,465,32503
Key Generation,466,33411
Key Generation,467,32508
Key Generation,468,33625
Key Generation,469,32446
Key Generation,470,32993
Key Generation,471,32640
Key Generation,472,21527
Key Generation,473,32973
Key Generation,474,32748
Key Generation,475,33172
Key Generation,477,33681
Key Generation,478,32900
Key Generation,479,34327
Key Generation,480,19599
Key Generation,481,32857
Key Generation,482,19652
Key Generation,483,32624
Key Generation,484,19721
Key Generation,485,32901
Key Generation,486,32632
Key Generation,487,32607
Key Generation,488,32734
Key Generation,489,33359
Key Generation,490,21663
Key Generation,491,33566
Key Generation,492,32796
Key Generation,493,38436
Key Generation,494,42013
Key Generation,495,32748
Key Generation,496,34420
Key Generation,497,19843
Key Generation,498,33390
Key Generation,499,19632
Key Generation,500,33936
Key Generation,501,20257
Key Generation,502,31677
Key Generation,504,19701
Key Generation,505,19862
Key Generation,506,19584
Key Generation,507,19698
Key Generation,508,20160
Key Generation,509,19594
Key Generation,510,19591
Key Generation,511,19652
Key Generation,512,33817
Key Generation,513,33034
Key Generation,514,19621
Key Generation,515,32819
Key Generation,516,32952
Key Generation,517,21431
Key Generation,518,21147
Key Generation,519,19986
Key Generation,520,33755
Key Generation,521,32939
Key Generation,522,20343
Key Generation,523,32875
Key Generation,524,21554
Key Generation,525,32511
Key Generation,526,32985
Key Generation,527,21800
Key Generation,528,31518
Key Generation,529,32779
Key Generation,530,32743
Key Generation,531,22222
Key Generation,532,36356
Key Generation,533,19773
Key Generation,534,21888
Key Generation,535,33459
Key Generation,536,19746
Key Generation,537,33453
Key Generation,538,19655
Key Generation,539,32310
Key Generation,540,25071
Key Generation,541,32274
Key Generation,542,22457
Key Generation,543,32544
Key Generation,544,21597
Key Generation,545,32268
Key Generation,546,34070
Key Generation,547,33358
Key Generation,548,34822
Key Generation,549,38104
Key Generation,550,23346
Key Generation,551,32843
Key Generation,552,20503
Key Generation,553,20126
Key Generation,554,32350
Key Generation,555,33072
Key Generation,556,32597
Key Generation,557,32897
Key Generation,558,32782
Key Generation,559,21661
Key Generation,560,21563
Key Generation,561,20154
Key Generation,562,20519
Key Generation,563,19972
Key Generation,564,20081
Key Generation,565,30683
Key Generation,566,20784
Key Generation,567,20322
Key Generation,568,20129
Key Generation,569,20066
Key Generation,570,19973
Key Generation,571,22025
Key Generation,572,33423
Key Generation,573,22432
Key Generation,574,32715
Key Generation,575,33583
Key Generation,576,19497
Key Generation,577,32421
Key Generation,578,19740
Key Generation,579,36805
Key Generation,580,20026
Key Generation,581,39635
Key Generation,582,33131
Key Generation,583,32355
Key Generation,584,21837
Key Generation,585,32623
Key Generation,586,32795
Key Generation,587,32654
Key Generation,588,20874
Key Generation,589,20475
Key Generation,590,19849
Key Generation,591,19996
Key Generation,592,20207
Key Generation,593,19937
Key Generation,594,20105
Key Generation,595,19950
Key Generation,596,19623
Key Generation,597,20112
Key Generation,598,19898
Key Generation,599,20211
Key Generation,601,20200
Key Generation,602,20879
Key Generation,603,20218
Key Generation,604,21342
Key Generation,605,20233
Key Generation,606,20093
Key Generation,607,19656
Key Generation,608,24621
Key Generation,609,20027
Key Generation,610,32987
Key Generation,611,32773
Key Generation,612,21672
Key Generation,613,32616
Key Generation,614,21397
Key Generation,615,21333
Key Generation,616,20217
Key Generation,617,20263
Key Generation,618,32906
Key Generation,619,32785
Key Generation,620,32557
Key Generation,621,19562
Key Generation,622,32307
Key Generation,623,32564
Key Generation,624,32625
Key Generation,625,21558
Key Generation,626,32826
Key Generation,627,42161
Key Generation,628,32657
Key Generation,629,21602
Key Generation,630,33733
Key Generation,631,34134
Key Generation,632,32610
Key Generation,633,21689
Key Generation,634,45827
Key Generation,635,32490
Key Generation,636,32412
Key Generation,637,32800
Key Generation,638,33779
Key Generation,639,21704
Key Generation,640,32660
Key Generation,641,22241
Key Generation,642,22576
Key Generation,643,24693
Key Generation,644,22007
Key Generation,645,32938
Key Generation,646,32820
Key Generation,647,42536
Key Generation,648,21827
Key Generation,649,32644
Key Generation,650,32618
Key Generation,651,32501
Key Generation,652,21531
Key Generation,653,32376
Key Generation,654,21501
Key Generation,655,32904
Key Generation,656,33244
Key Generation,657,19710
Key Generation,658,34048
Key Generation,659,19821
Key Generation,660,46415
Key Generation,661,33134
Key Generation,662,22551
Key Generation,663,19621
Key Generation,664,32623
Key Generation,665,32914
Key Generation,666,32382
Key Generation,667,32528
Key Generation,668,32392
Key Generation,669,34129
Key Generation,670,32572
Key Generation,671,20244
Key Generation,672,19954
Key Generation,673,19996
Key Generation,674,19886
Key Generation,675,19943
Key Generation,676,19788
Key Generation,677,20116
Key Generation,678,20131
Key Generation,679,20100
Key Generation,680,20250
Key Generation,681,20942
Key Generation,682,20186
Key Generation,683,20802
Key Generation,684,20336
Key Generation,685,20077
Key Generation,686,20164
Key Generation,687,19793
Key Generation,688,33831
Key Generation,689,20070
Key Generation,690,22323
Key Generation,691,32703
Key Generation,692,21649
Key Generation,693,32841
Key Generation,694,32926
Key Generation,695,38363
Key Generation,696,32922
Key Generation,697,32813
Key Generation,698,32708
Key Generation,699,32798
Key Generation,700,21819
Key Generation,701,32455
Key Generation,702,22165
Key Generation,703,32470
Key Generation,704,32520
Key Generation,705,19646
Key Generation,706,32608
Key Generation,707,20540
Key Generation,708,34293
Key Generation,709,32950
Key Generation,710,32427
Key Generation,711,32809
Key Generation,712,19615
Key Generation,713,33219
Key Generation,714,19520
Key Generation,715,38662
Key Generation,716,45709
Key Generation,717,21593
Key Generation,718,20015
Key Generation,719,19999
Key Generation,720,19824
Key Generation,721,19822
Key Generation,722,22715
Key Generation,723,33396
Key Generation,724,40383
Key Generation,725,32786
Key Generation,726,33419
Key Generation,727,32605
Key Generation,728,32753
Key Generation,729,32766
Key Generation,730,32777
Key Generation,731,32715
Key Generation,732,34220
Key Generation,733,34663
Key Generation,734,21576
Key Generation,735,32566
Key Generation,736,32940
Key Generation,737,32470
Key Generation,738,33311
Key Generation,739,32506
Key Generation,740,32943
Key Generation,741,21478
Key Generation,742,21182
Key Generation,743,20122
Key Generation,744,19993
Key Generation,745,20125
Key Generation,746,31522
Key Generation,747,20119
Key Generation,748,32910
Key Generation,749,21540
Key Generation,750,19897
Key Generation,751,19836
Key Generation,752,19890
Key Generation,753,20198
Key Generation,754,20001
Key Generation,755,19947
Key Generation,756,19967
Key Generation,757,20688
Key Generation,759,20446
Key Generation,761,19940
Key Generation,762,21664
Key Generation,763,21687
Key Generation,764,20268
Key Generation,765,20135
Key Generation,767,20007
Key Generation,768,22244
Key Generation,769,21342
Key Generation,770,20485
Key Generation,771,34605
Key Generation,772,20347
Key Generation,773,22287
Key Generation,774,21162
Key Generation,775,20136
Key Generation,776,31425
Key Generation,777,20604
Key Generation,778,21675
Key Generation,780,45026
Key Generation,781,32855
Key Generation,782,21667
Key Generation,783,21634
Key Generation,784,32813
Key Generation,785,21636
Key Generation,786,32820
Key Generation,787,32848
Key Generation,788,33354
Key Generation,789,21699
Key Generation,790,19509
Key Generation,791,19448
Key Generation,792,19430
Key Generation,793,19451
Key Generation,794,19754
Key Generation,795,19549
Key Generation,796,21072
Key Generation,797,19486
Key Generation,798,26547
Key Generation,799,19442
Key Generation,800,19360
Key Generation,801,19351
Key Generation,802,21767
Key Generation,803,19908
Key Generation,804,19872
Key Generation,805,20444
Key Generation,806,32606
Key Generation,807,34436
Key Generation,808,32406
Key Generation,809,21805
Key Generation,810,21689
Key Generation,811,32391
Key Generation,812,34064
Key Generation,813,33213
Key Generation,814,21573
Key Generation,815,32586
Key Generation,816,41536
Key Generation,817,19543
Key Generation,818,33560
Key Generation,819,31848
Key Generation,820,21572
Key Generation,821,31534
Key Generation,822,34140
Key Generation,823,32364
Key Generation,824,33977
Key Generation,825,32837
Key Generation,826,32641
Key Generation,827,20318
Key Generation,828,51952
Key Generation,829,19842
Key Generation,830,34122
Key Generation,831,31126
Key Generation,833,22204
Key Generation,834,33584
Key Generation,835,20233
Key Generation,836,32571
Key Generation,837,19945
Key Generation,838,38385
Key Generation,839,19891
Key Generation,840,32913
Key Generation,841,34138
Key Generation,842,32260
Key Generation,843,32671
Key Generation,844,22514
Key Generation,845,20698
Key Generation,846,32647
Key Generation,847,21564
Key Generation,848,32576
Key Generation,849,22413
Key Generation,850,33826
Key Generation,851,21628
Key Generation,852,32791
Key Generation,853,30806
Key Generation,854,33312
Key Generation,855,32385
Key Generation,856,19722
Key Generation,857,33123
Key Generation,858,20343
Key Generation,859,31890
Key Generation,860,21678
Key Generation,861,29634
Key Generation,862,33423
Key Generation,863,19845
Key Generation,864,32368
Key Generation,865,32647
Key Generation,866,32714
Key Generation,867,21573
Key Generation,868,24718
Key Generation,869,21736
Key Generation,870,32657
Key Generation,871,33541
Key Generation,872,33014
Key Generation,873,41957
Key Generation,874,19692
Key Generation,875,32762
Key Generation,876,19558
Key Generation,877,32391
Key Generation,878,19680
Key Generation,879,33329
Key Generation,880,33433
Key Generation,881,41715
Key Generation,882,32690
Key Generation,883,33967
Key Generation,884,32635
Key Generation,885,33599
Key Generation,886,32221
Key Generation,887,21741
Key Generation,888,42678
Key Generation,889,20304
Key Generation,890,32534
Key Generation,891,33072
Key Generation,892,33375
Key Generation,893,21680
Key Generation,894,32451
Key Generation,895,32861
Key Generation,896,22242
Key Generation,897,19607
Key Generation,898,19876
Key Generation,899,20014
Key Generation,900,19824
Key Generation,901,19640
Key Generation,903,43238
Key Generation,904,19791
Key Generation,905,36727
Key Generation,906,19690
Key Generation,907,32487
Key Generation,908,19837
Key Generation,909,33844
Key Generation,910,21999
Key Generation,911,32573
Key Generation,912,32979
Key Generation,913,32567
Key Generation,914,21536
Key Generation,915,35382
Key Generation,916,32550
Key Generation,917,19625
Key Generation,918,33689
Key Generation,919,32930
Key Generation,920,32503
Key Generation,921,32636
Key Generation,922,32553
Key Generation,923,34189
Key Generation,924,32660
Key Generation,925,21485
Key Generation,926,21696
Key Generation,927,19950
Key Generation,928,19827
Key Generation,929,20149
Key Generation,930,20140
Key Generation,931,20120
Key Generation,932,20687
Key Generation,933,21131
Key Generation,934,28028
Key Generation,935,30617
Key Generation,936,19710
Key Generation,937,20182
Key Generation,938,20278
Key Generation,939,20043
Key Generation,941,33174
Key Generation,942,19940
Key Generation,943,34073
Key Generation,944,32888
Key Generation,945,32618
Key Generation,946,33258
Key Generation,947,32518
Key Generation,948,19657
Key Generation,949,32899
Key Generation,950,20527
Key Generation,951,33025
Key Generation,952,19656
Key Generation,953,38597
Key Generation,954,34325
Key Generation,955,33712
Key Generation,956,32758
Key Generation,957,32697
Key Generation,958,33814
Key Generation,959,32546
Key Generation,960,32608
Key Generation,961,32506
Key Generation,962,22493
Key Generation,963,35919
Key Generation,964,33552
Key Generation,965,32959
Key Generation,966,19930
Key Generation,967,32405
Key Generation,968,33926
Key Generation,969,21605
Key Generation,970,21574
Key Generation,971,20220
Key Generation,972,20293
Key Generation,973,20592
Key Generation,974,20218
Key Generation,975,19960
Key Generation,976,20173
Key Generation,977,35092
Key Generation,978,32989
Key Generation,979,19983
Key Generation,980,21883
Key Generation,981,19653
Key Generation,982,32369
Key Generation,983,32643
Key Generation,984,32662
Key Generation,985,34053
Key Generation,986,21530
Key Generation,987,32424
Key Generation,988,33940
Key Generation,989,19664
Key Generation,990,33351
Key Generation,991,19970
Key Generation,992,21167
Key Generation,993,21092
Key Generation,994,21122
Key Generation,995,19903
Key Generation,996,31126
Key Generation,997,20495
Key Generation,998,33931
Key Generation,999,32885
Key Generation,1000,32647
Encapsulation,2,23631
Encapsulation,3,24170
Encapsulation,4,25565
Encapsulation,5,24129
Encapsulation,6,25059
Encapsulation,7,24294
Encapsulation,8,25094
Encapsulation,9,24327
Encapsulation,10,24275
Encapsulation,11,24338
Encapsulation,12,24056
Encapsulation,13,24155
Encapsulation,14,24022
Encapsulation,15,24372
Encapsulation,16,23899
Encapsulation,17,24384
Encapsulation,18,24285
Encapsulation,19,25395
Encapsulation,20,24370
Encapsulation,21,24174
Encapsulation,22,24075
Encapsulation,25,24151
Encapsulation,26,24986
Encapsulation,27,24218
Encapsulation,29,24252
Encapsulation,30,24311
Encapsulation,32,24267
Encapsulation,33,24280
Encapsulation,34,24011
Encapsulation,35,24188
Encapsulation,37,23939
Encapsulation,38,24051
Encapsulation,39,24456
Encapsulation,40,24274
Encapsulation,41,24115
Encapsulation,42,24221
Encapsulation,43,24186
Encapsulation,44,24400
Encapsulation,45,24152
Encapsulation,46,24440
Encapsulation,47,24222
Encapsulation,48,25105
Encapsulation,49,25040
Encapsulation,50,24042
Encapsulation,51,25069
Encapsulation,52,24188
Encapsulation,53,24010
Encapsulation,54,24323
Encapsulation,55,24309
Encapsulation,56,24095
Encapsulation,57,25196
Encapsulation,58,24215
Encapsulation,59,24177
Encapsulation,60,24999
Encapsulation,61,23998
Encapsulation,62,24315
Encapsulation,63,24208
Encapsulation,65,23924
Encapsulation,66,24354
Encapsulation,67,24454
Encapsulation,68,24016
Encapsulation,70,25409
Encapsulation,71,24288
Encapsulation,72,24086
Encapsulation,74,24827
Encapsulation,75,24002
Encapsulation,76,23833
Encapsulation,77,24567
Encapsulation,78,24077
Encapsulation,79,24958
Encapsulation,80,24306
Encapsulation,81,24303
Encapsulation,82,25078
Encapsulation,83,24086
Encapsulation,84,24024
Encapsulation,85,24236
Encapsulation,87,24216
Encapsulation,88,23874
Encapsulation,89,24204
Encapsulation,90,24567
Encapsulation,91,24040
Encapsulation,92,24237
Encapsulation,93,24243
Encapsulation,94,23921
Encapsulation,95,23978
Encapsulation,96,24075
Encapsulation,97,24037
Encapsulation,98,23934
Encapsulation,99,24917
Encapsulation,100,24053
Encapsulation,101,24738
Encapsulation,102,24181
Encapsulation,103,24105
Encapsulation,104,24267
Encapsulation,105,23992
Encapsulation,106,23955
Encapsulation,107,24760
Encapsulation,108,24094
Encapsulation,109,24116
Encapsulation,110,24162
Encapsulation,111,24778
Encapsulation,112,23836
Encapsulation,113,24799
Encapsulation,114,24231
Encapsulation,115,25165
Encapsulation,116,24071
Encapsulation,117,24187
Encapsulation,118,23948
Encapsulation,119,24161
Encapsulation,120,24046
Encapsulation,121,24112
Encapsulation,122,24363
Encapsulation,123,24098
Encapsulation,124,24175
Encapsulation,125,24813
Encapsulation,126,24876
Encapsulation,127,24172
Encapsulation,128,24124
Encapsulation,129,23932
Encapsulation,130,23921
Encapsulation,131,24315
Encapsulation,132,24486
Encapsulation,133,24161
Encapsulation,134,23938
Encapsulation,135,24015
Encapsulation,136,24149
Encapsulation,138,24893
Encapsulation,139,24226
Encapsulation,140,24153
Encapsulation,141,24249
Encapsulation,142,23797
Encapsulation,143,23851
Encapsulation,144,23870
Encapsulation,145,24106
Encapsulation,146,24139
Encapsulation,147,24111
Encapsulation,148,24181
Encapsulation,149,24120
Encapsulation,150,24965
Encapsulation,151,24288
Encapsulation,152,24692
Encapsulation,153,23900
Encapsulation,154,24245
Encapsulation,156,25307
Encapsulation,157,24316
Encapsulation,158,24778
Encapsulation,162,23896
Encapsulation,163,24295
Encapsulation,164,23861
Encapsulation,165,24298
Encapsulation,166,24091
Encapsulation,168,24126
Encapsulation,170,24096
Encapsulation,171,23956
Encapsulation,172,23991
Encapsulation,173,24386
Encapsulation,174,24276
Encapsulation,175,24353
Encapsulation,176,24081
Encapsulation,177,24233
Encapsulation,178,24431
Encapsulation,179,24277
Encapsulation,180,24466
Encapsulation,181,24221
Encapsulation,182,24338
Encapsulation,183,23981
Encapsulation,184,24413
Encapsulation,185,24206
Encapsulation,186,24206
Encapsulation,188,24311
Encapsulation,189,24137
Encapsulation,190,23886
Encapsulation,191,24162
Encapsulation,192,24119
Encapsulation,193,24201
Encapsulation,194,24233
Encapsulation,195,24117
Encapsulation,196,24298
Encapsulation,197,24211
Encapsulation,199,24208
Encapsulation,200,24202
Encapsulation,201,24102
Encapsulation,202,24037
Encapsulation,203,24119
Encapsulation,204,25064
Encapsulation,205,24980
Encapsulation,206,24459
Encapsulation,208,24998
Encapsulation,209,24174
Encapsulation,210,24373
Encapsulation,211,24240
Encapsulation,212,24809
Encapsulation,213,24088
Encapsulation,215,24478
Encapsulation,216,23941
Encapsulation,217,24802
Encapsulation,218,24167
Encapsulation,219,24877
Encapsulation,220,24029
Encapsulation,221,24333
Encapsulation,222,24054
Encapsulation,223,24302
Encapsulation,224,23858
Encapsulation,226,24062
Encapsulation,227,24140
Encapsulation,228,24020
Encapsulation,229,24043
Encapsulation,230,25282
Encapsulation,231,24093
Encapsulation,232,23960
Encapsulation,233,24022
Encapsulation,234,24063
Encapsulation,235,24432
Encapsulation,236,24127
Encapsulation,238,24362
Encapsulation,239,24044
Encapsulation,240,24292
Encapsulation,241,24944
Encapsulation,242,24337
Encapsulation,243,24816
Encapsulation,244,24261
Encapsulation,245,24293
Encapsulation,246,24193
Encapsulation,247,24279
Encapsulation,248,25522
Encapsulation,249,24123
Encapsulation,250,24319
Encapsulation,251,24093
Encapsulation,252,24111
Encapsulation,253,24327
Encapsulation,254,24160
Encapsulation,255,24218
Encapsulation,257,24266
Encapsulation,258,24396
Encapsulation,259,24261
Encapsulation,260,24363
Encapsulation,261,24261
Encapsulation,262,24392
Encapsulation,263,24455
Encapsulation,264,24475
Encapsulation,266,24353
Encapsulation,267,24139
Encapsulation,268,25307
Encapsulation,269,24294
Encapsulation,270,24179
Encapsulation,271,24496
Encapsulation,272,24056
Encapsulation,273,23926
Encapsulation,274,24711
Encapsulation,275,24127
Encapsulation,276,24068
Encapsulation,277,24027
Encapsulation,278,24175
Encapsulation,280,23974
Encapsulation,281,23977
Encapsulation,282,24887
Encapsulation,283,23842
Encapsulation,284,24165
Encapsulation,285,25411
Encapsulation,286,24778
Encapsulation,287,24147
Encapsulation,288,24593
Encapsulation,289,24200
Encapsulation,290,24167
Encapsulation,291,23976
Encapsulation,292,24128
Encapsulation,293,24000
Encapsulation,294,24037
Encapsulation,297,24241
Encapsulation,298,24249
Encapsulation,299,24234
Encapsulation,300,23860
Encapsulation,301,24030
Encapsulation,302,23824
Encapsulation,303,23942
Encapsulation,304,23951
Encapsulation,305,24114
Encapsulation,306,23963
Encapsulation,317,23603
Encapsulation,318,23664
Encapsulation,319,24284
Encapsulation,320,24264
Encapsulation,321,24081
Encapsulation,322,24443
Encapsulation,323,24086
Encapsulation,324,24308
Encapsulation,325,24066
Encapsulation,326,24057
Encapsulation,327,24363
Encapsulation,328,24926
Encapsulation,329,24291
Encapsulation,330,24801
Encapsulation,331,24084
Encapsulation,332,24940
Encapsulation,333,24343
Encapsulation,334,24294
Encapsulation,335,24321
Encapsulation,336,24395
Encapsulation,338,24062
Encapsulation,339,24052
Encapsulation,340,24848
Encapsulation,341,24332
Encapsulation,342,24429
Encapsulation,343,25062
Encapsulation,344,25117
Encapsulation,345,24370
Encapsulation,346,24320
Encapsulation,347,24144
Encapsulation,348,24455
Encapsulation,350,24914
Encapsulation,351,24342
Encapsulation,352,24845
Encapsulation,353,24848
Encapsulation,354,24034
Encapsulation,355,24074
Encapsulation,356,24795
Encapsulation,357,24220
Encapsulation,358,24383
Encapsulation,359,24340
Encapsulation,360,24157
Encapsulation,361,24071
Encapsulation,362,25283
Encapsulation,363,24509
Encapsulation,364,24349
Encapsulation,365,24277
Encapsulation,366,24123
Encapsulation,367,24345
Encapsulation,368,24184
Encapsulation,369,24353
Encapsulation,371,24289
Encapsulation,372,24286
Encapsulation,373,24300
Encapsulation,374,24179
Encapsulation,375,24327
Encapsulation,376,24845
Encapsulation,378,24263
Encapsulation,379,24280
Encapsulation,380,24204
Encapsulation,381,24860
Encapsulation,383,24202
Encapsulation,384,24231
Encapsulation,385,24045
Encapsulation,386,24303
Encapsulation,387,24300
Encapsulation,388,24055
Encapsulation,389,24774
Encapsulation,390,23864
Encapsulation,391,24230
Encapsulation,392,24177
Encapsulation,394,24166
Encapsulation,395,24138
Encapsulation,396,24807
Encapsulation,397,24240
Encapsulation,398,24229
Encapsulation,399,24431
Encapsulation,400,24251
Encapsulation,401,24212
Encapsulation,402,24371
Encapsulation,403,24024
Encapsulation,404,24268
Encapsulation,405,24463
Encapsulation,406,24077
Encapsulation,407,24153
Encapsulation,408,23927
Encapsulation,409,24065
Encapsulation,410,24874
Encapsulation,411,24143
Encapsulation,412,24734
Encapsulation,413,23870
Encapsulation,414,24147
Encapsulation,415,24762
Encapsulation,416,24273
Encapsulation,417,23946
Encapsulation,418,24090
Encapsulation,419,23870
Encapsulation,420,23889
Encapsulation,421,24085
Encapsulation,422,24041
Encapsulation,423,24086
Encapsulation,424,24029
Encapsulation,425,23988
Encapsulation,426,24817
Encapsulation,427,24200
Encapsulation,429,23514
Encapsulation,430,23754
Encapsulation,431,24314
Encapsulation,432,24093
Encapsulation,434,24204
Encapsulation,435,24735
Encapsulation,436,24219
Encapsulation,437,24136
Encapsulation,438,23830
Encapsulation,439,24881
Encapsulation,440,24076
Encapsulation,441,23945
Encapsulation,442,24163
Encapsulation,443,24245
Encapsulation,444,23838
Encapsulation,445,23940
Encapsulation,446,23961
Encapsulation,447,23940
Encapsulation,448,24412
Encapsulation,449,24143
Encapsulation,450,24159
Encapsulation,451,24129
Encapsulation,452,24149
Encapsulation,453,24149
Encapsulation,454,24196
Encapsulation,455,24103
Encapsulation,456,24235
Encapsulation,457,25047
Encapsulation,458,24292
Encapsulation,459,24502
Encapsulation,460,24950
Encapsulation,461,23896
Encapsulation,462,24354
Encapsulation,463,24306
Encapsulation,464,24087
Encapsulation,465,24192
Encapsulation,466,24261
Encapsulation,468,25017
Encapsulation,469,24276
Encapsulation,470,24277
Encapsulation,471,24431
Encapsulation,472,24218
Encapsulation,473,24326
Encapsulation,474,24200
Encapsulation,475,25002
Encapsulation,476,25364
Encapsulation,477,24411
Encapsulation,478,24422
Encapsulation,479,24337
Encapsulation,480,23734
Encapsulation,481,24389
Encapsulation,482,24068
Encapsulation,483,24105
Encapsulation,484,24224
Encapsulation,485,24186
Encapsulation,486,24046
Encapsulation,487,24118
Encapsulation,488,24085
Encapsulation,489,24162
Encapsulation,490,24297
Encapsulation,491,24980
Encapsulation,492,24268
Encapsulation,493,24379
Encapsulation,494,24165
Encapsulation,495,24109
Encapsulation,496,24382
Encapsulation,497,24215
Encapsulation,498,25075
Encapsulation,499,23925
Encapsulation,500,24071
Encapsulation,501,24834
Encapsulation,502,24148
Encapsulation,503,23914
Encapsulation,504,24090
Encapsulation,505,24179
Encapsulation,506,24066
Encapsulation,507,24115
Encapsulation,508,24725
Encapsulation,509,23924
Encapsulation,510,24091
Encapsulation,511,24139
Encapsulation,512,23976
Encapsulation,513,24301
Encapsulation,514,23791
Encapsulation,515,24354
Encapsulation,516,24295
Encapsulation,517,24235
Encapsulation,518,24493
Encapsulation,519,24200
Encapsulation,520,24328
Encapsulation,521,24173
Encapsulation,522,24597
Encapsulation,524,24067
Encapsulation,525,24343
Encapsulation,526,24285
Encapsulation,527,24143
Encapsulation,528,24165
Encapsulation,529,24208
Encapsulation,530,24134
Encapsulation,531,25001
Encapsulation,532,24979
Encapsulation,533,24028
Encapsulation,534,24419
Encapsulation,535,24741
Encapsulation,536,24021
Encapsulation,537,24998
Encapsulation,538,23930
Encapsulation,539,24625
Encapsulation,540,23813
Encapsulation,542,24861
Encapsulation,543,24116
Encapsulation,544,24130
Encapsulation,545,24224
Encapsulation,546,24204
Encapsulation,547,25017
Encapsulation,548,25066
Encapsulation,549,24481
Encapsulation,550,25202
Encapsulation,551,24379
Encapsulation,553,24047
Encapsulation,554,24244
Encapsulation,555,24142
Encapsulation,556,24308
Encapsulation,557,24037
Encapsulation,558,24147
Encapsulation,559,24403
Encapsulation,560,24283
Encapsulation,561,23906
Encapsulation,562,24834
Encapsulation,563,24006
Encapsulation,564,23892
Encapsulation,565,24062
Encapsulation,566,24889
Encapsulation,567,24221
Encapsulation,568,24243
Encapsulation,569,23945
Encapsulation,571,24934
Encapsulation,572,24223
Encapsulation,574,24324
Encapsulation,575,24882
Encapsulation,576,23980
Encapsulation,577,24053
Encapsulation,578,24091
Encapsulation,579,25171
Encapsulation,580,24171
Encapsulation,581,24399
Encapsulation,582,24196
Encapsulation,583,24369
Encapsulation,584,24357
Encapsulation,585,24416
Encapsulation,586,24179
Encapsulation,587,24472
Encapsulation,589,23958
Encapsulation,590,23982
Encapsulation,591,24031
Encapsulation,592,24253
Encapsulation,593,24259
Encapsulation,594,24106
Encapsulation,595,23983
Encapsulation,596,24046
Encapsulation,597,24126
Encapsulation,598,24097
Encapsulation,599,23902
Encapsulation,600,25039
Encapsulation,601,24144
Encapsulation,602,25170
Encapsulation,603,23928
Encapsulation,604,24113
Encapsulation,605,23964
Encapsulation,606,24058
Encapsulation,607,24072
Encapsulation,608,25092
Encapsulation,609,24190
Encapsulation,610,24241
Encapsulation,611,24391
Encapsulation,612,24069
Encapsulation,613,24215
Encapsulation,614,24309
Encapsulation,615,24032
Encapsulation,617,23929
Encapsulation,618,24225
Encapsulation,619,24340
Encapsulation,620,24215
Encapsulation,621,24161
Encapsulation,622,24286
Encapsulation,623,24082
Encapsulation,624,24393
Encapsulation,625,24280
Encapsulation,626,24193
Encapsulation,627,24535
Encapsulation,628,24228
Encapsulation,629,24334
Encapsulation,630,24167
Encapsulation,631,24096
Encapsulation,633,24315
Encapsulation,634,24131
Encapsulation,635,24373
Encapsulation,636,24410
Encapsulation,637,24178
Encapsulation,638,24136
Encapsulation,639,24352
Encapsulation,640,24193
Encapsulation,641,24461
Encapsulation,642,25127
Encapsulation,643,25035
Encapsulation,644,24566
Encapsulation,645,24279
Encapsulation,646,24206
Encapsulation,647,24343
Encapsulation,648,24318
Encapsulation,649,24313
Encapsulation,651,24435
Encapsulation,652,24173
Encapsulation,653,24340
Encapsulation,654,24237
Encapsulation,655,24507
Encapsulation,656,24828
Encapsulation,657,24072
Encapsulation,658,24253
Encapsulation,659,24250
Encapsulation,660,24806
Encapsulation,661,24354
Encapsulation,662,25133
Encapsulation,663,23946
Encapsulation,664,24253
Encapsulation,665,24060
Encapsulation,666,24179
Encapsulation,667,24268
Encapsulation,669,24140
Encapsulation,670,24181
Encapsulation,671,24118
Encapsulation,672,24186
Encapsulation,673,24188
Encapsulation,674,24187
Encapsulation,675,24216
Encapsulation,676,24123
Encapsulation,677,24018
Encapsulation,678,24097
Encapsulation,680,24056
Encapsulation,681,24919
Encapsulation,682,23962
Encapsulation,683,24903
Encapsulation,684,24120
Encapsulation,685,24201
Encapsulation,686,23974
Encapsulation,688,24888
Encapsulation,690,24192
Encapsulation,691,24315
Encapsulation,692,24336
Encapsulation,694,24293
Encapsulation,695,24371
Encapsulation,696,24239
Encapsulation,697,24436
Encapsulation,699,24394
Encapsulation,700,24448
Encapsulation,701,24291
Encapsulation,703,24117
Encapsulation,704,24118
Encapsulation,705,24088
Encapsulation,706,24472
Encapsulation,707,24967
Encapsulation,708,24171
Encapsulation,709,24287
Encapsulation,710,24221
Encapsulation,711,24140
Encapsulation,712,24221
Encapsulation,713,25054
Encapsulation,714,23996
Encapsulation,715,24340
Encapsulation,716,24172
Encapsulation,717,24251
Encapsulation,718,24012
Encapsulation,719,24256
Encapsulation,720,23948
Encapsulation,722,24365
Encapsulation,723,24174
Encapsulation,724,24358
Encapsulation,725,24213
Encapsulation,726,24776
Encapsulation,727,24315
Encapsulation,728,24121
Encapsulation,729,24177
Encapsulation,730,24156
Encapsulation,731,24111
Encapsulation,732,24200
Encapsulation,733,24447
Encapsulation,734,24235
Encapsulation,735,24376
Encapsulation,736,24325
Encapsulation,737,24285
Encapsulation,738,24469
Encapsulation,739,24165
Encapsulation,740,24175
Encapsulation,742,24214
Encapsulation,743,24108
Encapsulation,744,24109
Encapsulation,745,24029
Encapsulation,746,24868
Encapsulation,748,24240
Encapsulation,749,24246
Encapsulation,750,24139
Encapsulation,751,24181
Encapsulation,753,23944
Encapsulation,754,24168
Encapsulation,755,23995
Encapsulation,756,24032
Encapsulation,757,24788
Encapsulation,758,25169
Encapsulation,759,24339
Encapsulation,760,24374
Encapsulation,761,24094
Encapsulation,762,24280
Encapsulation,763,24094
Encapsulation,764,24154
Encapsulation,765,23975
Encapsulation,766,24942
Encapsulation,767,24071
Encapsulation,768,24911
Encapsulation,769,24198
Encapsulation,771,24791
Encapsulation,772,24815
Encapsulation,773,24842
Encapsulation,774,24053
Encapsulation,775,23947
Encapsulation,776,24273
Encapsulation,777,24748
Encapsulation,778,24899
Encapsulation,779,24509
Encapsulation,780,24471
Encapsulation,781,24302
Encapsulation,782,24057
Encapsulation,783,24019
Encapsulation,784,24128
Encapsulation,785,24093
Encapsulation,786,24181
Encapsulation,787,24265
Encapsulation,788,24635
Encapsulation,789,24365
Encapsulation,790,23888
Encapsulation,791,24147
Encapsulation,792,23841
Encapsulation,793,23884
Encapsulation,794,23813
Encapsulation,796,24260
Encapsulation,797,23957
Encapsulation,798,23986
Encapsulation,799,23974
Encapsulation,800,23892
Encapsulation,801,24150
Encapsulation,802,24176
Encapsulation,803,24099
Encapsulation,804,24037
Encapsulation,805,23999
Encapsulation,806,24274
Encapsulation,807,24173
Encapsulation,808,24047
Encapsulation,810,24300
Encapsulation,811,24059
Encapsulation,812,24251
Encapsulation,813,24910
Encapsulation,814,24339
Encapsulation,815,24437
Encapsulation,816,24325
Encapsulation,817,23861
Encapsulation,818,24876
Encapsulation,819,24065
Encapsulation,820,24109
Encapsulation,821,24184
Encapsulation,822,24158
Encapsulation,823,24071
Encapsulation,824,24155
Encapsulation,825,24381
Encapsulation,826,24192
Encapsulation,827,24814
Encapsulation,828,24232
Encapsulation,829,23872
Encapsulation,831,24136
Encapsulation,832,25342
Encapsulation,833,24281
Encapsulation,835,24047
Encapsulation,836,24188
Encapsulation,837,23808
Encapsulation,838,24215
Encapsulation,839,23860
Encapsulation,840,24276
Encapsulation,841,24064
Encapsulation,842,23940
Encapsulation,843,24299
Encapsulation,844,25004
Encapsulation,845,24862
Encapsulation,846,24220
Encapsulation,847,24207
Encapsulation,848,24281
Encapsulation,849,25035
Encapsulation,850,24300
Encapsulation,851,24339
Encapsulation,852,24244
Encapsulation,853,24322
Encapsulation,854,24349
Encapsulation,855,24303
Encapsulation,856,23936
Encapsulation,857,25103
Encapsulation,858,24754
Encapsulation,859,24207
Encapsulation,860,24269
Encapsulation,861,24110
Encapsulation,863,23954
Encapsulation,864,24251
Encapsulation,865,24259
Encapsulation,866,24158
Encapsulation,867,24296
Encapsulation,868,24462
Encapsulation,869,24369
Encapsulation,870,24120
Encapsulation,871,24077
Encapsulation,872,24507
Encapsulation,873,24184
Encapsulation,874,23899
Encapsulation,875,24410
Encapsulation,876,23830
Encapsulation,877,24371
Encapsulation,878,24067
Encapsulation,879,24921
Encapsulation,880,24760
Encapsulation,881,24177
Encapsulation,883,24207
Encapsulation,884,24356
Encapsulation,885,24452
Encapsulation,886,24022
Encapsulation,887,24093
Encapsulation,888,24353
Encapsulation,889,24849
Encapsulation,890,24125
Encapsulation,891,24284
Encapsulation,892,25038
Encapsulation,893,24159
Encapsulation,894,24373
Encapsulation,895,24381
Encapsulation,896,24342
Encapsulation,897,23955
Encapsulation,898,24070
Encapsulation,899,24029
Encapsulation,900,24161
Encapsulation,901,24053
Encapsulation,902,25254
Encapsulation,903,24229
Encapsulation,904,24092
Encapsulation,905,24323
Encapsulation,906,24061
Encapsulation,907,24132
Encapsulation,908,24021
Encapsulation,909,24220
Encapsulation,910,24339
Encapsulation,911,24208
Encapsulation,912,24114
Encapsulation,913,24320
Encapsulation,914,24094
Encapsulation,915,25171
Encapsulation,916,24098
Encapsulation,917,24138
Encapsulation,918,24240
Encapsulation,919,24113
Encapsulation,920,24169
Encapsulation,921,24176
Encapsulation,922,24100
Encapsulation,924,24330
Encapsulation,925,24219
Encapsulation,926,24350
Encapsulation,927,23927
Encapsulation,928,23834
Encapsulation,929,24134
Encapsulation,930,24003
Encapsulation,931,24128
Encapsulation,932,24867
Encapsulation,933,24086
Encapsulation,934,24428
Encapsulation,935,24333
Encapsulation,936,23988
Encapsulation,937,23904
Encapsulation,938,24228
Encapsulation,939,23956
Encapsulation,940,25304
Encapsulation,941,24320
Encapsulation,942,24096
Encapsulation,944,24331
Encapsulation,945,24070
Encapsulation,946,24331
Encapsulation,947,24301
Encapsulation,948,23944
Encapsulation,949,24384
Encapsulation,950,24824
Encapsulation,951,24180
Encapsulation,952,23823
Encapsulation,953,24234
Encapsulation,954,24091
Encapsulation,955,24394
Encapsulation,956,24245
Encapsulation,957,24214
Encapsulation,958,24233
Encapsulation,959,24198
Encapsulation,960,24313
Encapsulation,961,24220
Encapsulation,962,24173
Encapsulation,963,24449
Encapsulation,964,24730
Encapsulation,965,24157
Encapsulation,966,24198
Encapsulation,967,24056
Encapsulation,968,24192
Encapsulation,969,24069
Encapsulation,970,24243
Encapsulation,971,24141
Encapsulation,972,23980
Encapsulation,973,23991
Encapsulation,974,24163
Encapsulation,975,23906
Encapsulation,976,23973
Encapsulation,977,24597
Encapsulation,978,24473
Encapsulation,980,24154
Encapsulation,981,23884
Encapsulation,982,24174
Encapsulation,983,24324
Encapsulation,984,24407
Encapsulation,985,24296
Encapsulation,986,24226
Encapsulation,988,24079
Encapsulation,989,24041
Encapsulation,991,24192
Encapsulation,992,24179
Encapsulation,993,23985
Encapsulation,994,24948
Encapsulation,995,24114
Encapsulation,997,24233
Encapsulation,999,24251
Encapsulation,1000,24298
Decapsulation,2,18871
Decapsulation,3,18773
Decapsulation,4,20053
Decapsulation,6,19463
Decapsulation,7,18768
Decapsulation,8,19471
Decapsulation,9,18799
Decapsulation,10,18841
Decapsulation,11,18737
Decapsulation,12,18816
Decapsulation,13,18695
Decapsulation,14,18817
Decapsulation,15,18874
Decapsulation,16,18631
Decapsulation,17,18767
Decapsulation,18,18723
Decapsulation,19,20070
Decapsulation,20,18825
Decapsulation,21,18715
Decapsulation,22,18845
Decapsulation,23,20020
Decapsulation,24,18898
Decapsulation,25,18777
Decapsulation,26,19440
Decapsulation,27,18754
Decapsulation,28,18895
Decapsulation,29,18922
Decapsulation,30,18873
Decapsulation,31,18879
Decapsulation,32,18856
Decapsulation,33,18742
Decapsulation,34,18580
Decapsulation,35,18793
Decapsulation,36,18919
Decapsulation,37,18931
Decapsulation,39,18803
Decapsulation,40,18712
Decapsulation,41,18769
Decapsulation,42,18746
Decapsulation,43,18820
Decapsulation,44,18915
Decapsulation,45,18754
Decapsulation,46,18796
Decapsulation,47,18776
Decapsulation,48,19484
Decapsulation,49,19437
Decapsulation,50,18681
Decapsulation,51,19474
Decapsulation,52,18753
Decapsulation,53,18720
Decapsulation,54,18959
Decapsulation,55,18863
Decapsulation,56,18978
Decapsulation,57,19808
Decapsulation,58,19028
Decapsulation,59,19163
Decapsulation,60,19629
Decapsulation,61,18979
Decapsulation,62,18749
Decapsulation,63,18681
Decapsulation,64,20126
Decapsulation,65,18643
Decapsulation,66,19090
Decapsulation,67,18817
Decapsulation,68,18896
Decapsulation,69,18841
Decapsulation,70,20099
Decapsulation,71,18959
Decapsulation,73,18960
Decapsulation,74,18940
Decapsulation,75,18890
Decapsulation,76,18894
Decapsulation,77,18794
Decapsulation,78,18701
Decapsulation,79,19717
Decapsulation,80,18960
Decapsulation,81,18773
Decapsulation,83,18745
Decapsulation,84,18692
Decapsulation,85,18832
Decapsulation,86,18823
Decapsulation,87,18806
Decapsulation,88,18899
Decapsulation,90,19450
Decapsulation,91,19132
Decapsulation,93,19000
Decapsulation,94,18899
Decapsulation,95,18893
Decapsulation,96,18734
Decapsulation,97,18955
Decapsulation,98,18739
Decapsulation,99,19607
Decapsulation,100,18669
Decapsulation,101,19408
Decapsulation,102,18768
Decapsulation,103,18715
Decapsulation,104,18954
Decapsulation,106,18991
Decapsulation,107,19249
Decapsulation,108,18888
Decapsulation,109,18731
Decapsulation,110,18737
Decapsulation,111,19324
Decapsulation,112,18731
Decapsulation,113,18899
Decapsulation,114,18641
Decapsulation,115,19466
Decapsulation,116,18688
Decapsulation,117,18735
Decapsulation,118,18661
Decapsulation,119,18700
Decapsulation,120,18807
Decapsulation,121,18711
Decapsulation,122,18634
Decapsulation,123,18686
Decapsulation,124,18968
Decapsulation,125,19429
Decapsulation,126,19228
Decapsulation,127,18667
Decapsulation,128,18677
Decapsulation,129,18667
Decapsulation,130,18843
Decapsulation,131,18785
Decapsulation,133,18716
Decapsulation,134,18688
Decapsulation,135,18876
Decapsulation,136,18764
Decapsulation,137,18792
Decapsulation,138,19412
Decapsulation,139,18735
Decapsulation,140,18862
Decapsulation,141,18767
Decapsulation,142,18758
Decapsulation,143,18887
Decapsulation,144,18591
Decapsulation,146,18952
Decapsulation,147,19104
Decapsulation,148,18759
Decapsulation,149,18880
Decapsulation,150,19381
Decapsulation,151,18709
Decapsulation,152,19339
Decapsulation,153,19076
Decapsulation,154,18911
Decapsulation,156,19085
Decapsulation,157,18972
Decapsulation,158,19356
Decapsulation,160,18869
Decapsulation,161,19029
Decapsulation,162,18888
Decapsulation,163,18780
Decapsulation,165,18727
Decapsulation,166,18655
Decapsulation,167,18740
Decapsulation,168,18734
Decapsulation,169,19654
Decapsulation,170,18640
Decapsulation,171,18736
Decapsulation,173,18808
Decapsulation,174,18771
Decapsulation,175,18774
Decapsulation,176,18638
Decapsulation,177,18911
Decapsulation,178,18806
Decapsulation,180,19082
Decapsulation,182,18758
Decapsulation,183,19078
Decapsulation,184,19023
Decapsulation,185,18635
Decapsulation,186,18752
Decapsulation,187,19153
Decapsulation,188,18815
Decapsulation,189,18966
Decapsulation,190,19149
Decapsulation,191,18994
Decapsulation,192,19035
Decapsulation,193,18815
Decapsulation,194,18804
Decapsulation,195,19029
Decapsulation,196,18874
Decapsulation,197,18747
Decapsulation,198,18911
Decapsulation,199,18792
Decapsulation,200,18762
Decapsulation,201,18821
Decapsulation,202,18795
Decapsulation,203,18744
Decapsulation,204,19459
Decapsulation,205,19515
Decapsulation,206,18761
Decapsulation,207,19022
Decapsulation,208,19693
Decapsulation,209,19133
Decapsulation,210,19026
Decapsulation,211,19005
Decapsulation,212,19543
Decapsulation,213,19067
Decapsulation,214,19084
Decapsulation,215,19129
Decapsulation,216,18914
Decapsulation,217,19701
Decapsulation,218,19240
Decapsulation,219,19753
Decapsulation,220,18857
Decapsulation,221,19183
Decapsulation,224,19061
Decapsulation,225,19005
Decapsulation,226,18821
Decapsulation,227,19058
Decapsulation,228,18600
Decapsulation,229,18666
Decapsulation,230,19334
Decapsulation,231,18910
Decapsulation,232,18766
Decapsulation,233,18640
Decapsulation,235,19027
Decapsulation,236,19002
Decapsulation,237,18967
Decapsulation,238,19116
Decapsulation,239,18951
Decapsulation,240,19036
Decapsulation,242,19055
Decapsulation,243,19498
Decapsulation,244,19056
Decapsulation,245,19079
Decapsulation,246,18908
Decapsulation,247,19016
Decapsulation,249,18989
Decapsulation,250,19214
Decapsulation,251,19047
Decapsulation,252,18771
Decapsulation,253,19011
Decapsulation,254,19015
Decapsulation,255,19203
Decapsulation,256,19068
Decapsulation,257,19013
Decapsulation,258,19114
Decapsulation,259,19061
Decapsulation,260,19028
Decapsulation,261,19025
Decapsulation,262,18953
Decapsulation,263,18857
Decapsulation,264,19038
Decapsulation,265,19338
Decapsulation,266,19107
Decapsulation,267,19055
Decapsulation,268,19111
Decapsulation,269,18950
Decapsulation,270,19143
Decapsulation,271,19052
Decapsulation,272,19145
Decapsulation,274,19609
Decapsulation,275,19138
Decapsulation,276,19158
Decapsulation,277,18877
Decapsulation,278,19152
Decapsulation,279,19062
Decapsulation,280,19094
Decapsulation,281,19116
Decapsulation,282,19608
Decapsulation,283,18919
Decapsulation,284,18958
Decapsulation,286,19519
Decapsulation,287,19013
Decapsulation,288,19542
Decapsulation,289,18982
Decapsulation,290,19171
Decapsulation,291,19074
Decapsulation,292,18960
Decapsulation,293,18935
Decapsulation,294,18927
Decapsulation,295,20000
Decapsulation,296,18727
Decapsulation,297,18747
Decapsulation,299,18780
Decapsulation,300,18899
Decapsulation,301,19070
Decapsulation,302,18911
Decapsulation,303,19045
Decapsulation,304,18724
Decapsulation,305,18722
Decapsulation,306,18681
Decapsulation,317,18328
Decapsulation,318,18349
Decapsulation,319,18973
Decapsulation,321,18725
Decapsulation,322,18805
Decapsulation,323,18580
Decapsulation,324,18779
Decapsulation,325,18809
Decapsulation,326,18914
Decapsulation,327,19147
Decapsulation,328,19344
Decapsulation,329,19009
Decapsulation,330,19263
Decapsulation,331,18843
Decapsulation,332,19407
Decapsulation,333,18728
Decapsulation,334,18932
Decapsulation,335,18830
Decapsulation,336,18755
Decapsulation,337,20119
Decapsulation,338,18994
Decapsulation,339,19059
Decapsulation,340,19728
Decapsulation,341,19105
Decapsulation,342,19037
Decapsulation,343,19811
Decapsulation,344,19488
Decapsulation,345,19003
Decapsulation,346,18769
Decapsulation,347,18754
Decapsulation,348,18798
Decapsulation,349,18856
Decapsulation,350,19564
Decapsulation,352,19887
Decapsulation,353,19695
Decapsulation,354,18883
Decapsulation,355,19081
Decapsulation,357,19010
Decapsulation,358,18981
Decapsulation,359,19037
Decapsulation,360,18983
Decapsulation,361,18949
Decapsulation,362,19237
Decapsulation,364,18917
Decapsulation,365,18902
Decapsulation,366,18888
Decapsulation,367,18988
Decapsulation,368,19088
Decapsulation,369,19024
Decapsulation,370,19032
Decapsulation,371,19019
Decapsulation,372,19073
Decapsulation,373,19049
Decapsulation,374,19092
Decapsulation,375,19100
Decapsulation,376,19689
Decapsulation,377,19284
Decapsulation,378,19017
Decapsulation,379,19110
Decapsulation,380,19196
Decapsulation,383,19056
Decapsulation,384,19124
Decapsulation,385,19024
Decapsulation,386,18986
Decapsulation,387,18825
Decapsulation,388,18708
Decapsulation,389,19659
Decapsulation,391,18789
Decapsulation,392,18755
Decapsulation,393,19299
Decapsulation,394,19050
Decapsulation,395,18894
Decapsulation,396,19360
Decapsulation,397,19267
Decapsulation,398,19071
Decapsulation,399,19105
Decapsulation,401,18899
Decapsulation,402,19053
Decapsulation,403,18988
Decapsulation,404,19085
Decapsulation,405,19025
Decapsulation,406,19096
Decapsulation,408,18936
Decapsulation,409,19185
Decapsulation,410,19678
Decapsulation,411,18974
Decapsulation,412,19578
Decapsulation,413,19117
Decapsulation,414,19146
Decapsulation,415,19922
Decapsulation,416,19049
Decapsulation,418,19179
Decapsulation,419,18977
Decapsulation,420,19160
Decapsulation,421,19100
Decapsulation,422,18889
Decapsulation,423,19204
Decapsulation,424,19094
Decapsulation,425,19062
Decapsulation,426,19786
Decapsulation,427,18970
Decapsulation,429,18644
Decapsulation,430,18878
Decapsulation,431,19090
Decapsulation,432,19089
Decapsulation,433,19044
Decapsulation,434,19163
Decapsulation,435,19725
Decapsulation,436,18803
Decapsulation,437,18868
Decapsulation,438,18840
Decapsulation,439,19620
Decapsulation,440,18740
Decapsulation,441,18906
Decapsulation,442,18973
Decapsulation,443,18776
Decapsulation,444,18659
Decapsulation,445,18727
Decapsulation,447,18905
Decapsulation,448,18775
Decapsulation,449,18755
Decapsulation,450,18764
Decapsulation,451,18759
Decapsulation,452,18794
Decapsulation,453,18644
Decapsulation,454,18726
Decapsulation,455,18665
Decapsulation,456,18873
Decapsulation,457,19729
Decapsulation,458,18983
Decapsulation,459,18860
Decapsulation,460,19296
Decapsulation,461,18957
Decapsulation,462,19079
Decapsulation,463,18997
Decapsulation,464,19046
Decapsulation,465,18997
Decapsulation,466,19063
Decapsulation,467,19111
Decapsulation,468,19739
Decapsulation,469,18953
Decapsulation,470,18945
Decapsulation,471,19097
Decapsulation,472,18970
Decapsulation,473,18959
Decapsulation,474,19015
Decapsulation,475,19679
Decapsulation,477,19054
Decapsulation,478,19059
Decapsulation,479,19041
Decapsulation,480,19031
Decapsulation,481,19072
Decapsulation,482,18919
Decapsulation,483,18992
Decapsulation,484,18972
Decapsulation,485,19060
Decapsulation,486,19026
Decapsulation,487,19016
Decapsulation,488,19001
Decapsulation,489,19081
Decapsulation,490,19064
Decapsulation,491,19479
Decapsulation,492,19000
Decapsulation,493,18884
Decapsulation,494,19145
Decapsulation,496,19075
Decapsulation,497,19004
Decapsulation,498,19635
Decapsulation,499,18918
Decapsulation,500,18929
Decapsulation,501,19326
Decapsulation,502,18906
Decapsulation,503,18701
Decapsulation,504,18730
Decapsulation,505,18665
Decapsulation,506,18609
Decapsulation,507,18657
Decapsulation,509,18856
Decapsulation,510,18807
Decapsulation,511,18893
Decapsulation,512,18858
Decapsulation,513,18967
Decapsulation,515,19058
Decapsulation,516,19009
Decapsulation,517,18915
Decapsulation,518,18980
Decapsulation,519,19126
Decapsulation,520,19002
Decapsulation,521,19012
Decapsulation,522,19605
Decapsulation,523,18996
Decapsulation,524,18960
Decapsulation,525,18959
Decapsulation,527,19064
Decapsulation,528,18958
Decapsulation,529,18814
Decapsulation,530,19034
Decapsulation,531,19717
Decapsulation,532,19125
Decapsulation,533,18672
Decapsulation,534,18983
Decapsulation,535,19607
Decapsulation,536,18791
Decapsulation,537,19432
Decapsulation,538,19064
Decapsulation,539,18928
Decapsulation,540,19007
Decapsulation,541,19001
Decapsulation,542,19663
Decapsulation,543,19062
Decapsulation,544,19113
Decapsulation,545,18986
Decapsulation,546,19123
Decapsulation,547,19637
Decapsulation,548,19787
Decapsulation,549,19083
Decapsulation,550,19478
Decapsulation,551,18713
Decapsulation,552,19421
Decapsulation,553,18672
Decapsulation,554,18740
Decapsulation,555,18804
Decapsulation,557,18789
Decapsulation,558,19041
Decapsulation,559,18744
Decapsulation,560,18777
Decapsulation,561,18751
Decapsulation,562,19560
Decapsulation,563,18670
Decapsulation,564,18884
Decapsulation,565,18722
Decapsulation,566,19407
Decapsulation,567,18745
Decapsulation,568,18765
Decapsulation,569,18931
Decapsulation,570,19645
Decapsulation,571,19719
Decapsulation,572,19085
Decapsulation,573,19663
Decapsulation,574,19085
Decapsulation,575,19423
Decapsulation,576,18616
Decapsulation,577,18714
Decapsulation,578,18654
Decapsulation,579,19399
Decapsulation,580,18672
Decapsulation,581,18726
Decapsulation,582,18799
Decapsulation,583,18900
Decapsulation,584,18741
Decapsulation,585,18837
Decapsulation,586,18774
Decapsulation,587,19013
Decapsulation,589,19183
Decapsulation,590,19206
Decapsulation,591,18992
Decapsulation,592,19019
Decapsulation,593,19288
Decapsulation,594,19069
Decapsulation,595,18951
Decapsulation,596,18877
Decapsulation,597,18955
Decapsulation,599,18994
Decapsulation,600,19541
Decapsulation,602,19523
Decapsulation,603,19213
Decapsulation,604,19101
Decapsulation,605,19189
Decapsulation,606,19210
Decapsulation,607,18877
Decapsulation,608,19415
Decapsulation,609,19005
Decapsulation,610,19017
Decapsulation,611,18980
Decapsulation,612,19032
Decapsulation,613,19079
Decapsulation,614,19144
Decapsulation,615,19053
Decapsulation,616,19096
Decapsulation,617,19150
Decapsulation,618,19089
Decapsulation,619,19130
Decapsulation,620,19009
Decapsulation,621,18934
Decapsulation,622,18970
Decapsulation,623,18967
Decapsulation,624,19058
Decapsulation,625,19028
Decapsulation,626,19084
Decapsulation,627,19032
Decapsulation,628,19109
Decapsulation,629,19017
Decapsulation,630,19063
Decapsulation,631,19046
Decapsulation,632,19091
Decapsulation,633,19089
Decapsulation,634,18996
Decapsulation,635,19156
Decapsulation,636,19072
Decapsulation,637,18943
Decapsulation,638,18979
Decapsulation,639,19127
Decapsulation,640,18893
Decapsulation,642,19814
Decapsulation,643,19277
Decapsulation,644,19214
Decapsulation,645,18997
Decapsulation,646,19210
Decapsulation,647,18993
Decapsulation,648,19064
Decapsulation,649,18807
Decapsulation,650,18705
Decapsulation,651,18999
Decapsulation,652,19009
Decapsulation,653,19097
Decapsulation,655,18847
Decapsulation,656,19640
Decapsulation,657,18833
Decapsulation,658,18955
Decapsulation,660,19688
Decapsulation,661,19060
Decapsulation,662,19771
Decapsulation,663,18861
Decapsulation,664,18986
Decapsulation,665,19058
Decapsulation,666,18993
Decapsulation,667,18928
Decapsulation,668,19091
Decapsulation,669,19113
Decapsulation,670,18919
Decapsulation,671,18948
Decapsulation,672,18930
Decapsulation,673,18923
Decapsulation,674,18999
Decapsulation,675,18943
Decapsulation,676,18914
Decapsulation,677,19208
Decapsulation,678,19078
Decapsulation,679,18899
Decapsulation,680,18958
Decapsulation,681,19672
Decapsulation,682,19183
Decapsulation,683,19690
Decapsulation,684,19083
Decapsulation,685,19056
Decapsulation,686,18993
Decapsulation,687,19938
Decapsulation,688,19619
Decapsulation,690,18955
Decapsulation,691,19104
Decapsulation,692,19054
Decapsulation,693,19084
Decapsulation,694,19021
Decapsulation,695,19037
Decapsulation,696,19047
Decapsulation,697,19091
Decapsulation,698,19077
Decapsulation,699,19092
Decapsulation,700,19071
Decapsulation,701,19015
Decapsulation,702,19069
Decapsulation,703,18971
Decapsulation,704,19008
Decapsulation,705,18883
Decapsulation,706,19205
Decapsulation,708,19080
Decapsulation,709,19058
Decapsulation,710,18984
Decapsulation,711,19054
Decapsulation,712,18941
Decapsulation,713,19750
Decapsulation,714,19035
Decapsulation,715,18990
Decapsulation,716,19124
Decapsulation,717,19085
Decapsulation,718,19244
Decapsulation,719,19055
Decapsulation,720,18974
Decapsulation,722,19032
Decapsulation,724,19012
Decapsulation,725,19046
Decapsulation,726,19703
Decapsulation,727,19089
Decapsulation,728,19058
Decapsulation,729,19066
Decapsulation,730,18992
Decapsulation,731,19061
Decapsulation,732,19005
Decapsulation,733,19104
Decapsulation,734,19048
Decapsulation,735,19094
Decapsulation,736,18986
Decapsulation,737,19075
Decapsulation,738,19154
Decapsulation,739,19076
Decapsulation,740,19016
Decapsulation,741,18974
Decapsulation,742,19030
Decapsulation,743,18908
Decapsulation,744,18948
Decapsulation,745,18990
Decapsulation,746,19721
Decapsulation,747,19102
Decapsulation,748,19023
Decapsulation,749,18975
Decapsulation,750,18922
Decapsulation,751,19131
Decapsulation,752,19114
Decapsulation,753,19110
Decapsulation,754,18910
Decapsulation,755,18988
Decapsulation,756,18846
Decapsulation,757,19830
Decapsulation,758,19225
Decapsulation,759,19151
Decapsulation,760,19029
Decapsulation,761,18908
Decapsulation,762,19043
Decapsulation,763,18971
Decapsulation,764,18970
Decapsulation,765,19000
Decapsulation,766,19159
Decapsulation,767,18848
Decapsulation,768,19740
Decapsulation,769,18897
Decapsulation,771,19606
Decapsulation,772,19548
Decapsulation,773,19632
Decapsulation,774,19035
Decapsulation,775,18998
Decapsulation,776,19039
Decapsulation,778,19594
Decapsulation,779,19084
Decapsulation,780,18998
Decapsulation,781,18976
Decapsulation,783,19025
Decapsulation,784,19038
Decapsulation,786,19064
Decapsulation,787,19079
Decapsulation,788,19550
Decapsulation,789,19019
Decapsulation,790,18970
Decapsulation,791,18907
Decapsulation,792,18865
Decapsulation,793,18884
Decapsulation,794,19010
Decapsulation,795,19416
Decapsulation,796,19125
Decapsulation,797,19053
Decapsulation,798,19064
Decapsulation,799,18841
Decapsulation,800,18868
Decapsulation,801,19339
Decapsulation,802,18937
Decapsulation,803,18935
Decapsulation,805,19046
Decapsulation,806,18947
Decapsulation,807,19063
Decapsulation,808,19022
Decapsulation,809,19406
Decapsulation,810,19019
Decapsulation,811,18954
Decapsulation,812,19026
Decapsulation,813,19608
Decapsulation,815,19034
Decapsulation,816,18898
Decapsulation,817,19068
Decapsulation,818,19737
Decapsulation,819,19012
Decapsulation,820,19078
Decapsulation,821,18970
Decapsulation,822,19048
Decapsulation,824,19049
Decapsulation,825,19056
Decapsulation,826,19067
Decapsulation,827,19547
Decapsulation,828,19081
Decapsulation,829,18812
Decapsulation,831,19007
Decapsulation,832,19338
Decapsulation,834,19733
Decapsulation,835,18993
Decapsulation,836,19055
Decapsulation,837,18838
Decapsulation,838,18950
Decapsulation,839,19082
Decapsulation,840,19002
Decapsulation,841,19068
Decapsulation,842,18890
Decapsulation,843,19067
Decapsulation,844,19664
Decapsulation,845,19585
Decapsulation,846,19063
Decapsulation,847,19058
Decapsulation,848,19000
Decapsulation,849,19666
Decapsulation,850,19027
Decapsulation,851,18913
Decapsulation,852,18974
Decapsulation,853,18993
Decapsulation,854,19172
Decapsulation,855,19036
Decapsulation,856,19102
Decapsulation,857,19681
Decapsulation,858,19775
Decapsulation,859,19041
Decapsulation,860,19083
Decapsulation,861,18813
Decapsulation,862,18961
Decapsulation,863,18949
Decapsulation,864,19022
Decapsulation,865,19048
Decapsulation,866,18996
Decapsulation,868,19111
Decapsulation,869,19003
Decapsulation,872,19068
Decapsulation,873,19150
Decapsulation,874,18911
Decapsulation,875,19031
Decapsulation,876,18857
Decapsulation,877,19051
Decapsulation,879,19693
Decapsulation,880,19603
Decapsulation,881,19030
Decapsulation,882,18885
Decapsulation,883,18961
Decapsulation,884,19022
Decapsulation,885,18965
Decapsulation,886,18873
Decapsulation,887,18945
Decapsulation,888,18925
Decapsulation,889,19802
Decapsulation,890,18745
Decapsulation,891,18667
Decapsulation,892,19394
Decapsulation,893,18760
Decapsulation,894,18787
Decapsulation,895,18710
Decapsulation,896,18821
Decapsulation,898,18859
Decapsulation,899,18969
Decapsulation,900,18976
Decapsulation,901,18914
Decapsulation,902,19137
Decapsulation,903,19130
Decapsulation,904,18957
Decapsulation,905,19113
Decapsulation,906,19141
Decapsulation,907,18939
Decapsulation,908,18840
Decapsulation,909,19033
Decapsulation,910,19003
Decapsulation,911,18975
Decapsulation,912,18982
Decapsulation,913,19015
Decapsulation,915,19757
Decapsulation,916,18942
Decapsulation,917,19067
Decapsulation,919,18910
Decapsulation,920,19039
Decapsulation,921,18979
Decapsulation,922,19045
Decapsulation,924,19007
Decapsulation,925,19008
Decapsulation,926,19059
Decapsulation,927,19122
Decapsulation,928,19086
Decapsulation,929,18878
Decapsulation,930,18930
Decapsulation,931,18923
Decapsulation,932,19671
Decapsulation,933,19053
Decapsulation,934,19028
Decapsulation,935,19264
Decapsulation,936,18933
Decapsulation,937,19108
Decapsulation,938,19066
Decapsulation,939,19211
Decapsulation,940,19488
Decapsulation,941,18940
Decapsulation,942,18920
Decapsulation,943,19118
Decapsulation,944,19035
Decapsulation,945,18987
Decapsulation,946,18974
Decapsulation,947,19004
Decapsulation,948,19103
Decapsulation,949,19084
Decapsulation,950,19783
Decapsulation,951,19009
Decapsulation,952,18771
Decapsulation,953,18842
Decapsulation,954,18765
Decapsulation,955,19061
Decapsulation,956,19047
Decapsulation,957,18944
Decapsulation,959,18951
Decapsulation,960,19040
Decapsulation,961,18770
Decapsulation,962,18820
Decapsulation,963,18884
Decapsulation,964,19726
Decapsulation,965,19088
Decapsulation,966,18703
Decapsulation,967,19002
Decapsulation,969,18971
Decapsulation,970,19099
Decapsulation,971,18949
Decapsulation,973,19135
Decapsulation,974,18938
Decapsulation,975,18980
Decapsulation,977,19162
Decapsulation,978,19196
Decapsulation,979,19019
Decapsulation,980,19094
Decapsulation,981,18886
Decapsulation,982,19030
Decapsulation,983,19032
Decapsulation,984,19113
Decapsulation,986,18978
Decapsulation,987,19097
Decapsulation,988,19037
Decapsulation,989,19191
Decapsulation,991,19172
Decapsulation,992,18981
Decapsulation,993,18970
Decapsulation,994,19895
Decapsulation,995,18944
Decapsulation,996,19957
Decapsulation,997,18976
Decapsulation,998,19064
Decapsulation,999,18980
Decapsulation,1000,18991
